{"rf_train_rmse": 0.9472649446832658, "rf_val_rmse": 2.542128998044893, "rf_test_rmse": 2.5306089032420402, "rf_train_mae": 0.7862885644768859, "rf_val_mae": 2.148894817518248, "rf_test_mae": 2.1386110948905106, "_timestamp": 1759040139.500154, "_runtime": 178.63897013664246, "_step": 4, "xgb_train_rmse": 2.4708886059624517, "xgb_val_rmse": 2.5723197168906142, "xgb_test_rmse": 2.5668341604161835, "xgb_train_mae": 2.138970558741957, "xgb_val_mae": 2.231536246042182, "xgb_test_mae": 2.2263078552858673, "lgbm_train_rmse": 3.112395504605258, "lgbm_val_rmse": 3.125685226334008, "lgbm_test_rmse": 3.1284167337240536, "lgbm_train_mae": 2.6089077237817966, "lgbm_val_mae": 2.624726001762549, "lgbm_test_mae": 2.6256099568052176, "cat_train_rmse": 2.477550852811789, "cat_val_rmse": 2.547020992244122, "cat_test_rmse": 2.542591436137619, "cat_train_mae": 2.1532337091305322, "cat_val_mae": 2.216651592796171, "cat_test_mae": 2.2132599540451166, "best_model": "rf", "best_val_rmse": 2.542128998044893, "best_test_rmse": 2.5306089032420402, "_wandb": {"runtime": 186}}