{"rf_train_rmse": 0.9476596350061298, "rf_val_rmse": 2.53245068030459, "rf_test_rmse": 2.535064760686778, "rf_train_mae": 0.7878124330900244, "rf_val_mae": 2.138616204379562, "rf_test_mae": 2.1414902189781024, "_timestamp": 1759043572.953446, "_runtime": 183.54495286941528, "_step": 2, "cat_train_rmse": 2.47958184247787, "cat_val_rmse": 2.5419820653217005, "cat_test_rmse": 2.53735955688616, "cat_train_mae": 2.1565126950413256, "cat_val_mae": 2.2102413115729886, "cat_test_mae": 2.2085557345719047, "best_model": "rf", "best_val_rmse": 2.53245068030459, "best_test_rmse": 2.535064760686778, "_wandb": {"runtime": 191}}