{"linear_train_rmse": 3.628942084258076, "linear_val_rmse": 3.6222951542654114, "linear_test_rmse": 3.6395658130531303, "linear_train_mae": 2.9813585925898405, "linear_val_mae": 2.981109334026355, "linear_test_mae": 2.9996414415525336, "_timestamp": 1759038140.528464, "_runtime": 211.85844016075134, "_step": 7, "ridge_train_rmse": 3.628942119981505, "ridge_val_rmse": 3.622291041412769, "ridge_test_rmse": 3.6395638848144656, "ridge_train_mae": 2.981361645320855, "ridge_val_mae": 2.9811080435410706, "ridge_test_mae": 2.9996417299561497, "lasso_train_rmse": 4.534124442044283, "lasso_val_rmse": 4.527733484700113, "lasso_test_rmse": 4.545468868852072, "lasso_train_mae": 3.6933761919594494, "lasso_val_mae": 3.694238182146761, "lasso_test_mae": 3.71334049833963, "rf_train_rmse": 0.9472649446832658, "rf_val_rmse": 2.542128998044893, "rf_test_rmse": 2.5306089032420402, "rf_train_mae": 0.7862885644768859, "rf_val_mae": 2.148894817518248, "rf_test_mae": 2.1386110948905106, "lgbm_train_rmse": 3.112395504605258, "lgbm_val_rmse": 3.125685226334008, "lgbm_test_rmse": 3.1284167337240536, "lgbm_train_mae": 2.6089077237817966, "lgbm_val_mae": 2.624726001762549, "lgbm_test_mae": 2.6256099568052176, "xgb_train_rmse": 2.4708886059624517, "xgb_val_rmse": 2.5723197168906142, "xgb_test_rmse": 2.5668341604161835, "xgb_train_mae": 2.138970558741957, "xgb_val_mae": 2.231536246042182, "xgb_test_mae": 2.2263078552858673, "cat_train_rmse": 2.477550852811789, "cat_val_rmse": 2.547020992244122, "cat_test_rmse": 2.542591436137619, "cat_train_mae": 2.1532337091305322, "cat_val_mae": 2.216651592796171, "cat_test_mae": 2.2132599540451166, "best_model": "rf", "best_val_rmse": 2.542128998044893, "best_test_rmse": 2.5306089032420402, "_wandb": {"runtime": 215}}