{"linear_cv_mean": -0.014938919627475894, "linear_cv_std": 0.006757415722166863, "linear_rmse": 0.10019959334008884, "linear_mae": 0.07546613474059738, "linear_r2": 0.9999997034058774, "_timestamp": 1758629980.9222016, "_runtime": 5.2343056201934814, "_step": 16, "ridge_cv_mean": -71.46704726193585, "ridge_cv_std": 31.915835480376654, "ridge_rmse": 1.3751815378834427, "ridge_mae": 1.087722128535215, "ridge_r2": 0.9999441335996606, "lgbm_cv_mean": -38035.856263329144, "lgbm_cv_std": 14279.965537627026, "lgbm_rmse": 59.10908554729188, "lgbm_mae": 47.169309558005786, "lgbm_r2": 0.8967858824140904, "xgb_cv_mean": -13953.803858542145, "xgb_cv_std": 5581.79779513239, "xgb_rmse": 86.56114332465924, "xgb_mae": 70.79890990793186, "xgb_r2": 0.7786514960876005, "cat_cv_mean": -23385.475197621377, "cat_cv_std": 10214.810880753485, "cat_rmse": 95.97188107708334, "cat_mae": 74.74802471808282, "cat_r2": 0.7279062055169059, "best_model_name": "rf", "best_rmse": 0.10019959334008884, "model_comparison": {"_type": "table-file", "sha256": "c080021303a40aef9e00e2276b8cefa5521038fedf2d6e948cab8336624c8049", "size": 361, "artifact_path": "wandb-client-artifact://or22b72wov9qaa2ufboa1t9z9on8uh9gahyz8xawk71cswjrd4r7od3ghug16wytjta70zmlavfzmu5rbmh0ew89z4lww4u3m050his7yro0l8xc9ak7dbd4vpvacrxd:latest/model_comparison.table.json", "_latest_artifact_path": "wandb-client-artifact://or22b72wov9qaa2ufboa1t9z9on8uh9gahyz8xawk71cswjrd4r7od3ghug16wytjta70zmlavfzmu5rbmh0ew89z4lww4u3m050his7yro0l8xc9ak7dbd4vpvacrxd:latest/model_comparison.table.json", "path": "media/table/model_comparison_11_c080021303a40aef9e00.table.json", "ncols": 7, "nrows": 3}, "logistic_regression_cv_mean": 0.675, "logistic_regression_cv_std": 0.1274754878398196, "logistic_regression_accuracy": 0.8, "logistic_regression_precision": 0.8030303030303031, "logistic_regression_recall": 0.8, "logistic_regression_f1": 0.7994987468671679, "logistic_regression_roc_auc": 0.81, "ridge_classifier_cv_mean": 0.7, "ridge_classifier_cv_std": 0.1274754878398196, "ridge_classifier_accuracy": 0.8, "ridge_classifier_precision": 0.8030303030303031, "ridge_classifier_recall": 0.8, "ridge_classifier_f1": 0.7994987468671679, "rf_cv_mean": 0.825, "rf_cv_std": 0.1695582495781317, "rf_accuracy": 0.9, "rf_precision": 0.9, "rf_recall": 0.9, "rf_f1": 0.9, "rf_roc_auc": 0.9562499999999999, "best_accuracy": 0.9, "total_tests": 4, "passed_tests": 4, "failed_tests": 0, "success_rate": 100.0, "test_yaml_\uc124\uc815_\ub85c\ub529": 1, "test_\ud68c\uadc0_\ubaa8\ub378_\ud3c9\uac00": 1, "test_\ubd84\ub958_\ubaa8\ub378_\ud3c9\uac00": 1, "test_\uc5d0\ub7ec_\ucc98\ub9ac": 1, "_wandb": {"runtime": 4}}