{"rf_train_rmse": 0.9472649446832658, "rf_val_rmse": 2.542128998044893, "rf_test_rmse": 2.5306089032420402, "rf_train_mae": 0.7862885644768859, "rf_val_mae": 2.148894817518248, "rf_test_mae": 2.1386110948905106, "_timestamp": 1759041471.6018875, "_runtime": 171.32381939888, "_step": 2, "xgb_train_rmse": 2.4708886059624517, "xgb_val_rmse": 2.5723197168906142, "xgb_test_rmse": 2.5668341604161835, "xgb_train_mae": 2.138970558741957, "xgb_val_mae": 2.231536246042182, "xgb_test_mae": 2.2263078552858673, "best_model": "rf", "best_val_rmse": 2.542128998044893, "best_test_rmse": 2.5306089032420402, "_wandb": {"runtime": 179}}