{"rf_train_rmse": 0.9500130204807133, "rf_val_rmse": 2.5500411313517968, "rf_test_rmse": 2.5422199179920533, "rf_train_mae": 0.7892185227260665, "rf_val_mae": 2.1559353589224544, "rf_test_mae": 2.1491148418491486, "_timestamp": 1759043204.9471178, "_runtime": 183.92008471488953, "_step": 3, "xgb_train_rmse": 2.462515815810371, "xgb_val_rmse": 2.5808881305994413, "xgb_test_rmse": 2.572275748491455, "xgb_train_mae": 2.1271747278056172, "xgb_val_mae": 2.2306669995685264, "xgb_test_mae": 2.2259953416234963, "cat_train_rmse": 2.4741237432558476, "cat_val_rmse": 2.552469071792029, "cat_test_rmse": 2.5471510491607106, "cat_train_mae": 2.1490178505217914, "cat_val_mae": 2.218027137735508, "cat_test_mae": 2.214834689360132, "best_model": "rf", "best_val_rmse": 2.5500411313517968, "best_test_rmse": 2.5422199179920533, "_wandb": {"runtime": 190}}